Borough,City,Student_Enrollment,Percent_White,Percent_Black,Percent_Asian,Average_Score_SAT_Math,Average_Score_SAT_Reading,Average_Score_SAT_Writing,Percent_Tested,Average_SAT
Manhattan,Manhattan,1735,0.29,0.13,0.39,657,601,601,0.91,619.67
Manhattan,Manhattan,358,0.12,0.39,0.06,395,411,387,0.79,397.67
Manhattan,Manhattan,383,0.03,0.28,0.09,418,428,415,0.65,420.33
Manhattan,Manhattan,416,0.02,0.03,0.89,613,453,463,0.96,509.67
Manhattan,Manhattan,255,0.04,0.24,0.13,410,406,381,0.6,399.00
Manhattan,Manhattan,545,0.45,0.17,0.17,634,641,639,0.71,638.00
Manhattan,Manhattan,329,0.03,0.42,0.06,389,395,381,0.81,388.33
Manhattan,Manhattan,363,0.03,0.4,0.06,438,413,394,0.36,415.00
Manhattan,Manhattan,304,0.03,0.25,0.3,437,355,352,0.7,381.33
Manhattan,Manhattan,441,0.04,0.31,0.06,381,396,372,0.74,383.00
Manhattan,Manhattan,423,0.02,0.28,0.14,430,435,427,0.88,430.67
Manhattan,Manhattan,1664,0.07,0.19,0.22,452,445,430,0.87,442.33
Manhattan,Manhattan,437,0.06,0.2,0.31,446,433,411,0.7,430.00
Manhattan,Manhattan,353,0.1,0.14,0.31,403,330,316,0.53,349.67
Manhattan,Manhattan,482,0.57,0.14,0.06,501,550,541,0.79,530.67
Manhattan,Manhattan,530,0.06,0.43,0.04,446,459,455,0.8,453.33
Manhattan,Manhattan,447,0.19,0.24,0.03,446,453,428,0.79,442.33
Manhattan,Manhattan,566,0.03,0.31,0.06,411,415,409,0.6,411.67
Manhattan,Manhattan,659,0.33,0.08,0.38,577,560,567,0.94,568.00
Manhattan,Manhattan,405,0.02,0.53,0.04,418,420,417,0.75,418.33
Manhattan,Manhattan,796,0.07,0.23,0.22,469,442,447,0.67,452.67
Manhattan,Manhattan,699,0.04,0.28,0.04,390,396,392,0.55,392.67
Manhattan,Manhattan,666,0.08,0.22,0.09,454,428,445,0.85,442.33
Manhattan,Manhattan,451,0.23,0.06,0.55,592,526,531,0.94,549.67
Manhattan,Manhattan,713,0.36,0.12,0.14,534,533,522,0.9,529.67
Manhattan,Manhattan,415,0.07,0.1,0.07,522,479,510,0.99,503.67
Manhattan,Manhattan,587,0.46,0.06,0.28,595,550,555,0.8,566.67
Manhattan,Manhattan,483,0.03,0.29,0.06,378,407,388,0.72,391.00
Manhattan,Manhattan,438,0.04,0.28,0.03,410,407,399,0.7,405.33
Manhattan,Manhattan,355,0.02,0.24,0.04,386,386,386,0.31,386.00
Manhattan,Manhattan,1770,0.04,0.36,0.05,433,442,427,0.81,434.00
Manhattan,Manhattan,471,0.12,0.13,0.34,560,530,522,0.9,537.33
Manhattan,Manhattan,439,0.03,0.29,0.08,439,418,400,0.8,419.00
Manhattan,Manhattan,442,0.29,0.2,0.09,518,515,503,0.96,512.00
Manhattan,Manhattan,334,0.02,0.05,0.02,350,334,321,0.46,335.00
Manhattan,Manhattan,284,0.05,0.28,0.06,375,385,387,0.63,382.33
Manhattan,Manhattan,449,0.02,0.35,0.02,395,386,371,0.68,384.00
Manhattan,Manhattan,406,0.02,0.27,0.02,366,356,371,0.57,364.33
Manhattan,Manhattan,424,0.02,0.21,0.05,451,433,424,0.56,436.00
Manhattan,Manhattan,414,0.03,0.3,0.06,445,417,403,0.61,421.67
Manhattan,Manhattan,1301,0.07,0.15,0.15,469,454,444,0.74,455.67
Manhattan,Manhattan,1476,0.11,0.24,0.09,455,475,458,0.7,462.67
Manhattan,Manhattan,529,0,0,0,409,360,347,0.84,372.00
Manhattan,Manhattan,472,0.06,0.3,0.08,445,432,415,0.78,430.67
Manhattan,Manhattan,427,0.03,0.4,0.05,428,435,421,0.52,428.00
Manhattan,Manhattan,541,0.61,0.04,0.2,641,617,631,0.86,629.67
Manhattan,Manhattan,447,0.01,0.39,0,375,389,380,0.59,381.33
Manhattan,Manhattan,412,0.02,0.36,0.02,392,419,396,0.5,402.33
Manhattan,Manhattan,1285,0.52,0.14,0.09,583,586,595,0.83,588.00
Manhattan,Manhattan,2635,0.45,0.11,0.19,592,592,597,0.89,593.67
Manhattan,Manhattan,594,0.03,0.33,0.04,421,428,406,0.44,418.33
Manhattan,Manhattan,451,0.13,0.16,0.26,581,531,535,0.97,549.00
Manhattan,Manhattan,510,0.02,0.42,0.02,415,417,402,0.61,411.33
Manhattan,Manhattan,353,0.03,0.23,0.01,393,371,378,0.6,380.67
Manhattan,Manhattan,387,0.32,0.16,0.09,489,491,500,0.89,493.33
Manhattan,Manhattan,496,0.05,0.25,0.02,406,407,413,0.59,408.67
Manhattan,Manhattan,445,0.01,0.52,0.02,381,401,392,0.53,391.33
Manhattan,Manhattan,411,0.02,0.68,0.02,390,384,373,0.64,382.33
Manhattan,Manhattan,659,0.15,0.22,0.14,583,561,546,0.88,563.33
Manhattan,Manhattan,234,0.03,0.47,0.01,357,349,365,0.54,357.00
Manhattan,Manhattan,358,0.01,0.52,0.01,379,399,388,0.77,388.67
Manhattan,Manhattan,322,0.02,0.32,0.01,385,380,370,0.57,378.33
Manhattan,Manhattan,466,0.04,0.25,0.07,483,468,439,0.98,463.33
Manhattan,Manhattan,413,0.02,0.28,0.05,429,433,435,0.9,432.33
Manhattan,Manhattan,480,0.03,0.28,0.09,478,465,472,1,471.67
Manhattan,Manhattan,1603,0.04,0.21,0.19,556,505,495,0.88,518.67
Manhattan,Manhattan,428,0.01,0.38,0.01,416,445,440,0.37,433.67
Manhattan,Manhattan,561,0.01,0.78,0.01,402,394,400,0.85,398.67
Manhattan,Manhattan,470,0.27,0.1,0.39,683,610,596,0.93,629.67
Manhattan,Manhattan,1354,0.02,0.32,0.05,459,453,447,0.74,453.00
Manhattan,Manhattan,504,0,0,0,383,355,352,0.71,363.33
Manhattan,Manhattan,629,0.03,0.05,0,387,389,385,0.55,387.00
Manhattan,Manhattan,705,0.01,0.04,0,443,423,434,0.87,433.33
Manhattan,Manhattan,283,0.04,0.41,0.04,344,368,367,0.41,359.67
Manhattan,Manhattan,246,0.09,0.37,0.02,425,451,458,0.9,444.67
Manhattan,Manhattan,536,0.43,0.26,0.03,496,520,516,0.72,510.67
Manhattan,Manhattan,676,0.04,0.21,0.04,418,422,415,0.54,418.33
Manhattan,Manhattan,971,0.03,0.46,0.09,418,415,398,0.44,410.33
Manhattan,Manhattan,1428,0.01,0.7,0.02,463,452,450,0.65,455.00
Manhattan,Manhattan,479,0.01,0.14,0.02,378,381,383,0.33,380.67
Manhattan,Manhattan,491,0.01,0.09,0,367,377,363,0.42,369.00
Manhattan,Manhattan,671,0.02,0.17,0,401,394,381,0.44,392.00
Manhattan,Manhattan,587,0.01,0.04,0.01,495,445,450,0.95,463.33
Manhattan,Manhattan,605,0.02,0.16,0.01,374,385,389,0.56,382.67
Manhattan,Manhattan,343,0.12,0.17,0.29,438,358,382,0.59,392.67
Manhattan,Manhattan,506,0.2,0.33,0.05,485,498,496,0.89,493.00
Manhattan,Manhattan,486,0.05,0.27,0.08,431,409,396,0.64,412.00
Manhattan,Manhattan,697,0.03,0.28,0.04,435,440,425,0.63,433.33
Manhattan,Manhattan,3296,0.2,0.01,0.73,754,697,693,0.97,714.67
Staten Island,Staten Island,624,0.2,0.31,0.05,420,429,409,0.38,419.33
Staten Island,Staten Island,1327,0.5,0.22,0.07,483,473,470,0.79,475.33
Staten Island,Staten Island,2499,0.18,0.38,0.07,453,458,444,0.64,451.67
Staten Island,Staten Island,1628,0.22,0.28,0.07,432,427,425,0.45,428.00
Staten Island,Staten Island,1247,0.52,0.01,0.41,711,660,670,1,680.33
Staten Island,Staten Island,2791,0.52,0.12,0.08,454,446,444,0.64,448.00
Staten Island,Staten Island,3982,0.8,0.02,0.05,494,476,476,0.79,482.00
Staten Island,Staten Island,3363,0.48,0.11,0.13,496,490,487,0.66,491.00
Staten Island,Staten Island,479,0.62,0.14,0.03,442,458,454,0.56,451.33
Staten Island,Staten Island,520,0.56,0.09,0.11,477,468,464,0.84,469.67
Bronx,Bronx,475,0,0.31,0,390,398,376,0.3,388.00
Bronx,Bronx,778,0.01,0.23,0.02,403,409,415,0.64,409.00
Bronx,Bronx,587,0.01,0.29,0,402,405,395,0.56,400.67
Bronx,Bronx,495,0.01,0.32,0.02,384,355,361,0.61,366.67
Bronx,Bronx,591,0.02,0.3,0.01,398,400,405,0.58,401.00
Bronx,Bronx,554,0.02,0.36,0.03,374,386,382,0.58,380.67
Bronx,Bronx,324,0.01,0.3,0.02,380,382,362,0.38,374.67
Bronx,Bronx,375,0.01,0.29,0.01,390,373,371,0.3,378.00
Bronx,Bronx,322,0,0,0,371,334,348,0.79,351.00
Bronx,Bronx,654,0.01,0.25,0.02,419,414,394,0.77,409.00
Bronx,Bronx,463,0.01,0.14,0.07,345,338,312,0.58,331.67
Bronx,Bronx,544,0.02,0.23,0.04,463,451,435,0.8,449.67
Bronx,Bronx,486,0.02,0.3,0.03,420,446,424,0.88,430.00
Bronx,Bronx,364,0.01,0.25,0,377,373,369,0.45,373.00
Bronx,Bronx,384,0,0.34,0.01,363,401,396,0.31,386.67
Bronx,Bronx,409,0.02,0.2,0.03,355,330,320,0.59,335.00
Bronx,Bronx,333,0.01,0.41,0.01,370,379,381,0.41,376.67
Bronx,Bronx,457,0.02,0.25,0.06,513,468,485,0.74,488.67
Bronx,Bronx,503,0,0.29,0.04,424,413,409,0.93,415.33
Bronx,Bronx,449,0.01,0.45,0.01,400,391,397,0.78,396.00
Bronx,Bronx,546,0,0.21,0.02,394,381,363,0.81,379.33
Bronx,Bronx,421,0.01,0.27,0.01,377,385,383,0.38,381.67
Bronx,Bronx,471,0,0.26,0.01,407,389,386,0.45,394.00
Bronx,Bronx,427,0.02,0.5,0.01,387,386,386,0.51,386.33
Bronx,Bronx,619,0.01,0.33,0.01,445,418,422,0.88,428.33
Bronx,Bronx,382,0,0.29,0.01,395,401,382,0.46,392.67
Bronx,Bronx,402,0.01,0.2,0.01,417,399,398,0.46,404.67
Bronx,Bronx,686,0.01,0.36,0,375,372,374,0.49,373.67
Bronx,Bronx,375,0.01,0.27,0.02,382,375,384,0.59,380.33
Bronx,Bronx,472,0.01,0.37,0.07,431,421,426,0.84,426.00
Bronx,Bronx,608,0.01,0.61,0,398,410,397,0.66,401.67
Bronx,Bronx,339,0.01,0.33,0.02,365,360,346,0.33,357.00
Bronx,Bronx,336,0.01,0.34,0.02,385,385,388,0.51,386.00
Bronx,Bronx,632,0.01,0.29,0.01,402,421,410,0.78,411.00
Bronx,Bronx,599,0.03,0.21,0.03,404,383,378,0.57,388.33
Bronx,Bronx,398,0.02,0.24,0.01,401,402,386,0.65,396.33
Bronx,Bronx,416,0.02,0.3,0.02,413,408,402,0.55,407.67
Bronx,Bronx,401,0.03,0.31,0.01,398,404,412,0.56,404.67
Bronx,Bronx,487,0.02,0.32,0.03,408,417,404,0.67,409.67
Bronx,Bronx,438,0.03,0.28,0.02,355,373,368,0.44,365.33
Bronx,Bronx,326,0,0.22,0.01,387,388,386,0.66,387.00
Bronx,Bronx,236,0,0.43,0,376,372,369,0.59,372.33
Bronx,Bronx,325,0.01,0.37,0,378,391,378,0.26,382.33
Bronx,Bronx,565,0.01,0.2,0.01,417,412,403,0.72,410.67
Bronx,Bronx,170,0.02,0.44,0.01,366,362,365,0.27,364.33
Bronx,Bronx,618,0.01,0.25,0.03,418,406,408,0.41,410.67
Bronx,Bronx,355,0.02,0.34,0.02,364,385,366,0.77,371.67
Bronx,Bronx,470,0,0.29,0,345,347,339,0.75,343.67
Bronx,Bronx,358,0.02,0.27,0.01,377,372,365,0.43,371.33
Bronx,Bronx,571,0.02,0.25,0.02,393,397,379,0.71,389.67
Bronx,Bronx,501,0.01,0.59,0.01,379,372,373,0.49,374.67
Bronx,Bronx,444,0.07,0.28,0.03,390,411,393,0.52,398.00
Bronx,Bronx,1535,0.11,0.24,0.09,426,419,407,0.29,417.33
Bronx,Bronx,483,0.07,0.27,0.04,408,428,404,0.33,413.33
Bronx,Bronx,1022,0.03,0.11,0.03,426,419,404,0.86,416.33
Bronx,Bronx,426,0.03,0.3,0.02,384,394,366,0.48,381.33
Bronx,Bronx,417,0.01,0.34,0.07,394,406,391,0.6,397.00
Bronx,Bronx,428,0.02,0.3,0.01,382,384,390,0.67,385.33
Bronx,Bronx,449,0.05,0.25,0.09,451,417,423,0.93,430.33
Bronx,Bronx,583,0.03,0.36,0.03,423,420,425,0.69,422.67
Bronx,Bronx,1381,0.24,0.12,0.08,496,485,476,0.69,485.67
Bronx,Bronx,408,0.08,0.09,0.14,407,363,358,0.93,376.00
Bronx,Bronx,423,0.04,0.62,0.03,392,408,392,0.43,397.33
Bronx,Bronx,371,0.01,0.64,0.03,392,408,400,0.63,400.00
Bronx,Bronx,493,0.01,0.38,0.01,367,381,361,0.41,369.67
Bronx,Bronx,431,0.02,0.29,0.02,403,410,393,0.51,402.00
Bronx,Bronx,465,0.02,0.45,0.05,386,380,391,0.59,385.67
Bronx,Bronx,567,0.01,0.34,0.05,396,399,377,0.66,390.67
Bronx,Bronx,471,0.02,0.4,0.04,407,416,401,0.77,408.00
Bronx,Bronx,389,0.01,0.45,0.03,380,437,425,0.38,414.00
Bronx,Bronx,486,0.03,0.2,0.02,372,361,369,0.47,367.33
Bronx,Bronx,3015,0.22,0.03,0.63,714,660,667,0.97,680.33
Bronx,Bronx,461,0.02,0.05,0.07,366,311,310,0.51,329.00
Bronx,Bronx,530,0.02,0.17,0.03,432,396,395,0.4,407.67
Bronx,Bronx,430,0.01,0.25,0.01,417,434,425,0.76,425.33
Bronx,Bronx,376,0.51,0.04,0.23,669,672,672,0.92,671.00
Bronx,Bronx,2109,0.04,0.32,0.09,445,436,433,0.32,438.00
Bronx,Bronx,561,0.01,0,0,390,387,379,0.19,385.33
Bronx,Bronx,476,0.11,0.33,0.07,422,417,409,0.58,416.00
Bronx,Bronx,489,0.07,0.36,0.06,420,433,425,0.77,426.00
Bronx,Bronx,354,0.11,0.12,0.17,356,340,320,0.73,338.67
Bronx,Bronx,687,0.1,0.34,0.12,488,461,458,0.8,469.00
Bronx,Bronx,427,0.09,0.29,0.03,418,432,436,0.73,428.67
Bronx,Bronx,428,0,0,0,317,315,292,0.66,308.00
Bronx,Bronx,338,0.04,0.22,0.04,430,449,448,0.88,442.33
Bronx,Bronx,445,0.01,0.18,0.01,361,354,351,0.47,355.33
Bronx,Bronx,669,0.02,0.22,0.04,430,422,414,0.78,422.00
Bronx,Bronx,416,0.02,0.26,0.03,444,428,422,0.52,431.33
Bronx,Bronx,410,0.01,0.08,0.08,356,359,347,0.38,354.00
Bronx,Bronx,487,0.02,0.3,0.02,396,413,395,0.39,401.33
Bronx,Bronx,326,0.01,0.32,0.04,365,393,357,0.41,371.67
Bronx,Bronx,637,0.02,0.31,0.06,418,430,403,0.51,417.00
Bronx,Bronx,315,0.01,0.26,0.04,394,384,383,0.44,387.00
Bronx,Bronx,345,0.03,0.5,0.04,386,390,389,0.45,388.33
Bronx,Bronx,307,0.03,0.25,0.02,389,408,413,0.31,403.33
Bronx,Bronx,450,0.01,0.26,0.06,435,415,423,0.45,424.33
Bronx,Bronx,374,0.03,0.52,0.08,407,421,427,0.87,418.33
Bronx,Bronx,2058,0.02,0.52,0.02,400,401,391,0.42,397.33
Queens,Long Island City,1553,0.07,0.06,0.12,467,436,432,0.53,445.00
Queens,Long Island City,421,0.14,0.13,0.16,435,437,441,0.71,437.67
Queens,Long Island City,514,0.07,0.05,0.08,377,389,377,0.49,381.00
Queens,Long Island City,515,0.21,0.16,0.06,444,458,444,0.95,448.67
Queens,Long Island City,2168,0.11,0.06,0.31,511,464,456,0.79,477.00
Queens,Long Island City,874,0.28,0.07,0.29,495,482,479,0.85,485.33
Queens,Long Island City,993,0.06,0.02,0.37,490,374,381,0.47,415.00
Queens,Long Island City,623,0.35,0.11,0.34,631,598,610,0.94,613.00
Queens,Long Island City,509,0.13,0.03,0.39,425,367,365,0.72,385.67
Queens,Long Island City,970,0.09,0.15,0.18,443,420,411,0.59,424.67
Queens,Long Island City,610,0.11,0.05,0.19,478,445,445,0.71,456.00
Queens,Long Island City,478,0.15,0.07,0.22,489,456,459,0.93,468.00
Queens,Astoria,572,0.2,0.05,0.38,483,464,477,1,474.67
Queens,Astoria,2496,0.16,0.06,0.28,466,424,426,0.57,438.67
Queens,Astoria,2123,0.09,0.14,0.16,430,423,412,0.52,421.67
Queens,Astoria,808,0.39,0.14,0.11,536,543,543,0.9,540.67
Queens,Astoria,478,0.35,0.03,0.4,633,620,628,0.99,627.00
Brooklyn,Brooklyn,528,0.02,0.71,0.07,399,397,386,0.66,394.00
Brooklyn,Brooklyn,345,0.14,0.18,0.42,432,334,333,0.93,366.33
Brooklyn,Brooklyn,466,0.1,0.48,0.04,417,406,394,0.65,405.67
Brooklyn,Brooklyn,250,0.07,0.55,0.02,393,381,402,0.62,392.00
Brooklyn,Brooklyn,458,0.04,0.7,0.07,503,477,427,0.19,469.00
Brooklyn,Brooklyn,470,0.05,0.74,0.04,397,415,407,0.82,406.33
Brooklyn,Brooklyn,448,0.01,0.71,0.02,446,443,430,0.88,439.67
Brooklyn,Brooklyn,596,0.04,0.64,0.05,416,420,402,0.55,412.67
Brooklyn,Brooklyn,634,0.02,0.74,0.03,394,422,400,0.45,405.33
Brooklyn,Brooklyn,387,0.01,0.78,0.01,372,372,361,0.55,368.33
Brooklyn,Brooklyn,353,0.01,0.9,0.01,382,395,384,0.57,387.00
Brooklyn,Brooklyn,341,0,0.91,0.01,378,394,388,0.73,386.67
Brooklyn,Brooklyn,424,0.01,0.91,0.01,398,411,400,0.61,403.00
Brooklyn,Brooklyn,566,0.01,0.9,0.01,364,374,361,0.62,366.33
Brooklyn,Brooklyn,454,0.01,0.76,0.05,468,454,464,0.95,462.00
Brooklyn,Brooklyn,279,0.01,0.83,0.01,370,383,374,0.64,375.67
Brooklyn,Brooklyn,319,0.02,0.88,0.01,386,385,390,0.54,387.00
Brooklyn,Brooklyn,496,0.15,0.18,0.47,428,413,417,0.84,419.33
Brooklyn,Brooklyn,3220,0.19,0.12,0.4,504,411,407,0.54,440.67
Brooklyn,Brooklyn,404,0.01,0.79,0.01,358,386,380,0.52,374.67
Brooklyn,Brooklyn,421,0.01,0.73,0.01,332,346,350,0.55,342.67
Brooklyn,Brooklyn,916,0.01,0.86,0.03,479,484,472,0.86,478.33
Brooklyn,Brooklyn,692,0.03,0.14,0,366,356,353,0.56,358.33
Brooklyn,Brooklyn,676,0.14,0.19,0.36,625,588,591,0.98,601.33
Brooklyn,Brooklyn,276,0.01,0.38,0.01,384,398,399,0.41,393.67
Brooklyn,Brooklyn,520,0.02,0.4,0.02,374,376,357,0.56,369.00
Brooklyn,Brooklyn,284,0.01,0.76,0.03,380,389,384,0.41,384.33
Brooklyn,Brooklyn,324,0.02,0.72,0.01,365,369,357,0.48,363.67
Brooklyn,Brooklyn,506,0.01,0.7,0.01,326,333,350,0.39,336.33
Brooklyn,Brooklyn,319,0.02,0.74,0,391,373,376,0.26,380.00
Brooklyn,Brooklyn,406,0.01,0.81,0,375,393,394,0.4,387.33
Brooklyn,Brooklyn,479,0,0.68,0.02,464,451,421,0.67,445.33
Brooklyn,Brooklyn,334,0.01,0.36,0.05,383,376,370,0.47,376.33
Brooklyn,Brooklyn,229,0,0,0,319,323,284,0.29,308.67
Brooklyn,Brooklyn,308,0.04,0.61,0.08,387,391,383,0.53,387.00
Brooklyn,Brooklyn,1093,0.01,0.64,0.06,387,387,384,0.37,386.00
Brooklyn,Brooklyn,330,0.03,0.2,0.05,365,370,362,0.54,365.67
Brooklyn,Brooklyn,547,0.01,0.73,0.02,382,413,391,0.81,395.33
Brooklyn,Brooklyn,413,0.01,0.46,0.05,395,376,359,0.57,376.67
Brooklyn,Brooklyn,4372,0.34,0.05,0.3,513,456,451,0.69,473.33
Brooklyn,Brooklyn,3787,0.23,0.3,0.34,550,514,516,0.86,526.67
Brooklyn,Brooklyn,1098,0.01,0.35,0.01,380,377,384,0.45,380.33
Brooklyn,Brooklyn,1001,0.03,0.36,0.04,463,446,425,0.55,444.67
Brooklyn,Brooklyn,494,0.02,0.55,0.02,391,406,391,0.75,396.00
Brooklyn,Brooklyn,245,0.01,0.12,0,344,380,379,0.63,367.67
Brooklyn,Brooklyn,598,0.01,0.46,0.01,393,390,394,0.35,392.33
Brooklyn,Brooklyn,682,0.1,0.16,0.03,443,440,430,0.88,437.67
Brooklyn,Brooklyn,595,0.04,0.32,0.02,415,424,407,0.6,415.33
Brooklyn,Brooklyn,319,0,0.88,0,400,407,394,0.65,400.33
Brooklyn,Brooklyn,390,0.01,0.83,0,394,399,412,0.57,401.67
Brooklyn,Brooklyn,438,0.01,0.86,0.03,446,442,410,0.69,432.67
Brooklyn,Brooklyn,373,0.01,0.86,0.02,406,405,396,0.48,402.33
Brooklyn,Brooklyn,648,0.02,0.87,0.01,399,392,394,0.36,395.00
Brooklyn,Brooklyn,290,0.06,0.72,0.04,367,374,361,0.56,367.33
Brooklyn,Brooklyn,901,0.53,0.05,0.16,458,434,434,0.68,442.00
Brooklyn,Brooklyn,358,0.26,0.09,0.41,424,343,337,0.84,368.00
Brooklyn,Brooklyn,271,0.23,0.17,0.16,420,396,396,0.75,404.00
Brooklyn,Brooklyn,3480,0.28,0.04,0.39,488,422,417,0.63,442.33
Brooklyn,Brooklyn,271,0.14,0.52,0.07,369,379,378,0.7,375.33
Brooklyn,Brooklyn,564,0.43,0.26,0.07,474,462,449,0.66,461.67
Brooklyn,Brooklyn,285,0.06,0.47,0.07,408,435,415,0.59,419.33
Brooklyn,Brooklyn,566,0.31,0.26,0.1,553,551,539,0.8,547.67
Brooklyn,Brooklyn,423,0.04,0.46,0.08,405,377,395,0.6,392.33
Brooklyn,Brooklyn,351,0.03,0.66,0.02,420,424,414,0.75,419.33
Brooklyn,Brooklyn,364,0.01,0.85,0.03,505,464,456,0.96,475.00
Brooklyn,Brooklyn,870,0.02,0.7,0.02,439,441,436,0.81,438.67
Brooklyn,Brooklyn,5447,0.21,0.08,0.61,682,608,606,0.96,632.00
Brooklyn,Brooklyn,605,0.05,0.72,0.08,502,495,493,0.98,496.67
Brooklyn,Brooklyn,1329,0.16,0.08,0.18,475,440,445,0.82,453.33
Brooklyn,Brooklyn,514,0,0.08,0,389,374,378,0.5,380.33
Brooklyn,Brooklyn,596,0.01,0.71,0.03,395,401,383,0.63,393.00
Brooklyn,Brooklyn,152,0.02,0.72,0.06,395,382,391,0.46,389.33
Brooklyn,Brooklyn,317,0,0.17,0.01,393,368,382,0.47,381.00
Brooklyn,Brooklyn,383,0.03,0.56,0.02,367,381,328,0.32,358.67
Brooklyn,Brooklyn,142,0.02,0.63,0.01,399,413,400,0.46,404.00
Brooklyn,Brooklyn,2006,0.14,0.29,0.36,512,418,396,0.63,442.00
Brooklyn,Brooklyn,560,0.44,0.23,0.1,436,430,421,0.68,429.00
Brooklyn,Brooklyn,386,0.01,0.83,0.01,382,393,377,0.72,384.00
Brooklyn,Brooklyn,453,0.01,0.8,0.05,419,411,416,0.59,415.33
Brooklyn,Brooklyn,1271,0.01,0.91,0.03,525,500,481,0.89,502.00
Brooklyn,Brooklyn,1499,0.01,0.9,0.02,408,424,407,0.55,413.00
Brooklyn,Brooklyn,414,0.13,0.29,0.18,344,302,300,0.82,315.33
Brooklyn,Brooklyn,246,0.03,0.82,0.02,377,386,375,0.62,379.33
Brooklyn,Brooklyn,516,0.01,0.87,0.04,496,491,484,0.92,490.33
Brooklyn,Brooklyn,505,0.01,0.85,0.02,386,397,393,0.57,392.00
Brooklyn,Brooklyn,384,0.02,0.85,0.02,360,382,359,0.63,367.00
Brooklyn,Brooklyn,445,0.02,0.83,0.03,377,382,356,0.46,371.67
Brooklyn,Brooklyn,285,0.01,0.85,0.04,374,385,375,0.62,378.00
Brooklyn,Brooklyn,3088,0.44,0.17,0.21,492,450,444,0.69,462.00
Brooklyn,Brooklyn,3968,0.27,0.23,0.27,500,479,472,0.75,483.67
Brooklyn,Brooklyn,685,0.09,0.39,0.06,401,411,404,0.84,405.33
Brooklyn,Brooklyn,1333,0.07,0.09,0.07,398,380,381,0.62,386.33
Brooklyn,Brooklyn,353,0,0.88,0.01,394,395,399,0.64,396.00
Brooklyn,Brooklyn,226,0.01,0.82,0.01,377,396,386,0.51,386.33
Brooklyn,Brooklyn,1081,0.59,0.1,0.19,563,534,543,0.94,546.67
Brooklyn,Brooklyn,2341,0.2,0.4,0.15,441,422,422,0.55,428.33
Brooklyn,Brooklyn,613,0.06,0.69,0.05,416,423,387,0.31,408.67
Brooklyn,Brooklyn,309,0.04,0.79,0.03,362,396,393,0.45,383.67
Brooklyn,Brooklyn,286,0.01,0.85,0.02,392,406,403,0.5,400.33
Brooklyn,Brooklyn,432,0,0.82,0.03,404,427,424,0.6,418.33
Brooklyn,Brooklyn,303,0.03,0.86,0.01,390,410,397,0.59,399.00
Brooklyn,Brooklyn,331,0.01,0.89,0.01,386,408,402,0.73,398.67
Brooklyn,Brooklyn,395,0.02,0.82,0.01,379,393,373,0.69,381.67
Brooklyn,Brooklyn,308,0.01,0.86,0.02,381,397,390,0.51,389.33
Brooklyn,Brooklyn,358,0.02,0.15,0.06,467,446,448,0.85,453.67
Brooklyn,Brooklyn,405,0.03,0.21,0.01,365,357,357,0.5,359.67
Brooklyn,Brooklyn,340,0.02,0.19,0.02,365,366,348,0.71,359.67
Brooklyn,Brooklyn,279,0.01,0.23,0.01,392,374,379,0.42,381.67
Brooklyn,Brooklyn,504,0.02,0.84,0.01,379,395,385,0.61,386.33
Queens,Flushing,2186,0.04,0.24,0.2,444,407,405,0.46,418.67
Queens,Flushing,666,0.05,0.15,0.61,521,457,451,0.89,476.33
Queens,Flushing,437,0.03,0.03,0.56,481,323,323,0.68,375.67
Queens,Flushing,610,0.5,0.09,0.16,484,491,487,0.89,487.33
Queens,Bayside,3336,0.18,0.13,0.4,523,479,485,0.77,495.67
Queens,Oakland Gardens,3505,0.15,0.2,0.44,563,505,510,0.76,526.00
Queens,Fresh Meadows,4172,0.15,0.07,0.54,562,483,485,0.81,510.00
Queens,Fresh Meadows,557,0.19,0.2,0.36,516,493,486,0.88,498.33
Queens,Fresh Meadows,701,0.18,0.13,0.31,460,426,423,0.67,436.33
Queens,Flushing,3667,0.05,0.18,0.29,467,422,425,0.62,438.00
Queens,Flushing,1132,0.22,0.06,0.59,680,640,661,0.97,660.33
Queens,Corona,870,0.04,0.08,0.1,413,405,393,0.77,403.67
Queens,Elmhurst,479,0.06,0.08,0.1,435,424,418,0.69,425.67
Queens,Elmhurst,973,0.36,0.02,0.18,476,471,480,0.9,475.67
Queens,Elmhurst,378,0,0,0,340,320,318,0.32,326.00
Queens,Elmhurst,1921,0.04,0.08,0.24,434,401,389,0.39,408.00
Queens,Forest Hills,3840,0.3,0.1,0.25,517,485,483,0.73,495.00
Queens,Forest Hills,1035,0.36,0.04,0.11,460,448,449,0.76,452.33
Queens,Ridgewood,1828,0.19,0.05,0.1,452,422,416,0.39,430.00
Queens,Cambria Heights,525,0.01,0.81,0.06,384,409,401,0.6,398.00
Queens,Cambria Heights,433,0.02,0.72,0.1,380,418,388,0.55,395.33
Queens,Saint Albans,599,0.01,0.9,0.03,405,427,409,0.72,413.67
Queens,Springfield Gardens,491,0.01,0.83,0.04,384,407,400,0.7,397.00
Queens,Springfield Gardens,552,0.02,0.81,0.04,398,410,393,0.7,400.33
Queens,Springfield Gardens,492,0.01,0.81,0.04,423,422,403,0.84,416.00
Queens,Springfield Gardens,509,0.02,0.76,0.09,439,428,419,0.64,428.67
Queens,Ozone Park,959,0.12,0.11,0.36,489,457,451,0.79,465.67
Queens,Ozone Park,2634,0.03,0.24,0.31,418,401,395,0.38,404.67
Queens,Ozone Park,602,0.18,0.07,0.29,426,435,424,0.85,428.33
Queens,Richmond Hill,2175,0.05,0.14,0.31,413,406,399,0.38,406.00
Queens,Hollis,372,0.02,0.79,0.07,418,424,411,0.59,417.67
Queens,Bellerose,1120,0.08,0.48,0.25,453,434,439,0.72,442.00
Queens,Queens Village,1742,0.04,0.53,0.27,397,396,391,0.4,394.67
Queens,Jamaica,779,0.03,0.38,0.43,524,511,514,0.93,516.33
Queens,Jamaica,516,0.02,0.43,0.41,487,460,463,0.79,470.00
Queens,Jamaica,418,0.05,0.42,0.23,415,392,386,0.72,397.67
Queens,Jamaica,557,0.02,0.48,0.27,415,420,433,0.9,422.67
Queens,Jamaica,661,0.04,0.53,0.25,455,439,441,0.75,445.00
Queens,Jamaica,3286,0.04,0.3,0.35,448,432,426,0.52,435.33
Queens,Jamaica,2098,0.04,0.21,0.49,514,473,470,0.8,485.67
Queens,Jamaica,464,0.03,0.38,0.28,409,399,404,0.63,404.00
Queens,Jamaica,611,0.01,0.58,0.29,496,481,473,0.93,483.33
Queens,Jamaica,426,0.06,0.07,0.75,701,621,625,0.98,649.00
Queens,Jamaica,604,0.02,0.66,0.1,410,431,409,0.57,416.67
Queens,Jamaica,679,0.02,0.75,0.08,366,372,364,0.26,367.33
Queens,Far Rockaway,409,0.01,0.6,0.02,410,418,407,0.3,411.67
Queens,Far Rockaway,637,0.03,0.5,0.07,422,424,415,0.68,420.33
Queens,Far Rockaway,381,0.02,0.49,0.04,372,362,352,0.45,362.00
Queens,Rockaway Park,368,0.15,0.47,0.04,357,381,376,0.39,371.33
Queens,Rockaway Park,683,0.11,0.53,0.06,427,430,423,0.77,426.67
Queens,Rockaway Park,397,0.04,0.53,0.05,399,403,405,0.47,402.33
Queens,Rockaway Park,1302,0.35,0.23,0.21,588,560,568,0.99,572.00
